sample_id,description
cps1962_03s,"IPUMS-CPS, ASEC 1962"
cps1963_03s,"IPUMS-CPS, ASEC 1963"
cps1964_03s,"IPUMS-CPS, ASEC 1964"
cps1965_03s,"IPUMS-CPS, ASEC 1965"
cps1966_03s,"IPUMS-CPS, ASEC 1966"
cps1967_03s,"IPUMS-CPS, ASEC 1967"
cps1968_03s,"IPUMS-CPS, ASEC 1968"
cps1969_03s,"IPUMS-CPS, ASEC 1969"
cps1970_03s,"IPUMS-CPS, ASEC 1970"
cps1971_03s,"IPUMS-CPS, ASEC 1971"
cps1972_03s,"IPUMS-CPS, ASEC 1972"
cps1973_03s,"IPUMS-CPS, ASEC 1973"
cps1974_03s,"IPUMS-CPS, ASEC 1974"
cps1975_03s,"IPUMS-CPS, ASEC 1975"
cps1976_01s,"IPUMS-CPS, January 1976"
cps1976_02b,"IPUMS-CPS, February 1976"
cps1976_03b,"IPUMS-CPS, March 1976"
cps1976_03s,"IPUMS-CPS, ASEC 1976"
cps1976_04s,"IPUMS-CPS, April 1976"
cps1976_05s,"IPUMS-CPS, May 1976"
cps1976_06s,"IPUMS-CPS, June 1976"
cps1976_07b,"IPUMS-CPS, July 1976"
cps1976_08b,"IPUMS-CPS, August 1976"
cps1976_09b,"IPUMS-CPS, September 1976"
cps1976_10s,"IPUMS-CPS, October 1976"
cps1976_11s,"IPUMS-CPS, November 1976"
cps1976_12b,"IPUMS-CPS, December 1976"
cps1977_01s,"IPUMS-CPS, January 1977"
cps1977_02b,"IPUMS-CPS, February 1977"
cps1977_03b,"IPUMS-CPS, March 1977"
cps1977_03s,"IPUMS-CPS, ASEC 1977"
cps1977_04b,"IPUMS-CPS, April 1977"
cps1977_05s,"IPUMS-CPS, May 1977"
cps1977_06s,"IPUMS-CPS, June 1977"
cps1977_07b,"IPUMS-CPS, July 1977"
cps1977_08s,"IPUMS-CPS, August 1977"
cps1977_09b,"IPUMS-CPS, September 1977"
cps1977_10s,"IPUMS-CPS, October 1977"
cps1977_11b,"IPUMS-CPS, November 1977"
cps1977_12s,"IPUMS-CPS, December 1977"
cps1978_01s,"IPUMS-CPS, January 1978"
cps1978_02b,"IPUMS-CPS, February 1978"
cps1978_03b,"IPUMS-CPS, March 1978"
cps1978_03s,"IPUMS-CPS, ASEC 1978"
cps1978_04b,"IPUMS-CPS, April 1978"
cps1978_05s,"IPUMS-CPS, May 1978"
cps1978_06b,"IPUMS-CPS, June 1978"
cps1978_07b,"IPUMS-CPS, July 1978"
cps1978_08b,"IPUMS-CPS, August 1978"
cps1978_09s,"IPUMS-CPS, September 1978"
cps1978_10s,"IPUMS-CPS, October 1978"
cps1978_11s,"IPUMS-CPS, November 1978"
cps1978_12b,"IPUMS-CPS, December 1978"
cps1979_01b,"IPUMS-CPS, January 1979"
cps1979_02b,"IPUMS-CPS, February 1979"
cps1979_03b,"IPUMS-CPS, March 1979"
cps1979_03s,"IPUMS-CPS, ASEC 1979"
cps1979_04b,"IPUMS-CPS, April 1979"
cps1979_05s,"IPUMS-CPS, May 1979"
cps1979_06s,"IPUMS-CPS, June 1979"
cps1979_07b,"IPUMS-CPS, July 1979"
cps1979_08b,"IPUMS-CPS, August 1979"
cps1979_09s,"IPUMS-CPS, September 1979"
cps1979_10s,"IPUMS-CPS, October 1979"
cps1979_11s,"IPUMS-CPS, November 1979"
cps1979_12s,"IPUMS-CPS, December 1979"
cps1980_01b,"IPUMS-CPS, January 1980"
cps1980_02b,"IPUMS-CPS, February 1980"
cps1980_03b,"IPUMS-CPS, March 1980"
cps1980_03s,"IPUMS-CPS, ASEC 1980"
cps1980_04b,"IPUMS-CPS, April 1980"
cps1980_05s,"IPUMS-CPS, May 1980"
cps1980_06s,"IPUMS-CPS, June 1980"
cps1980_07b,"IPUMS-CPS, July 1980"
cps1980_08b,"IPUMS-CPS, August 1980"
cps1980_09s,"IPUMS-CPS, September 1980"
cps1980_10s,"IPUMS-CPS, October 1980"
cps1980_11s,"IPUMS-CPS, November 1980"
cps1980_12b,"IPUMS-CPS, December 1980"
cps1981_01s,"IPUMS-CPS, January 1981"
cps1981_02b,"IPUMS-CPS, February 1981"
cps1981_03b,"IPUMS-CPS, March 1981"
cps1981_03s,"IPUMS-CPS, ASEC 1981"
cps1981_04b,"IPUMS-CPS, April 1981"
cps1981_05s,"IPUMS-CPS, May 1981"
cps1981_06s,"IPUMS-CPS, June 1981"
cps1981_07b,"IPUMS-CPS, July 1981"
cps1981_08b,"IPUMS-CPS, August 1981"
cps1981_09s,"IPUMS-CPS, September 1981"
cps1981_10s,"IPUMS-CPS, October 1981"
cps1981_11b,"IPUMS-CPS, November 1981"
cps1981_12s,"IPUMS-CPS, December 1981"
cps1982_01b,"IPUMS-CPS, January 1982"
cps1982_02b,"IPUMS-CPS, February 1982"
cps1982_03b,"IPUMS-CPS, March 1982"
cps1982_03s,"IPUMS-CPS, ASEC 1982"
cps1982_04b,"IPUMS-CPS, April 1982"
cps1982_05b,"IPUMS-CPS, May 1982"
cps1982_06s,"IPUMS-CPS, June 1982"
cps1982_07b,"IPUMS-CPS, July 1982"
cps1982_08b,"IPUMS-CPS, August 1982"
cps1982_09s,"IPUMS-CPS, September 1982"
cps1982_10s,"IPUMS-CPS, October 1982"
cps1982_11s,"IPUMS-CPS, November 1982"
cps1982_12b,"IPUMS-CPS, December 1982"
cps1983_01s,"IPUMS-CPS, January 1983"
cps1983_02b,"IPUMS-CPS, February 1983"
cps1983_03b,"IPUMS-CPS, March 1983"
cps1983_03s,"IPUMS-CPS, ASEC 1983"
cps1983_04s,"IPUMS-CPS, April 1983"
cps1983_05s,"IPUMS-CPS, May 1983"
cps1983_06s,"IPUMS-CPS, June 1983"
cps1983_07b,"IPUMS-CPS, July 1983"
cps1983_08b,"IPUMS-CPS, August 1983"
cps1983_09s,"IPUMS-CPS, September 1983"
cps1983_10s,"IPUMS-CPS, October 1983"
cps1983_11s,"IPUMS-CPS, November 1983"
cps1983_12s,"IPUMS-CPS, December 1983"
cps1984_01s,"IPUMS-CPS, January 1984"
cps1984_02b,"IPUMS-CPS, February 1984"
cps1984_03b,"IPUMS-CPS, March 1984"
cps1984_03s,"IPUMS-CPS, ASEC 1984"
cps1984_04b,"IPUMS-CPS, April 1984"
cps1984_05s,"IPUMS-CPS, May 1984"
cps1984_06s,"IPUMS-CPS, June 1984"
cps1984_07b,"IPUMS-CPS, July 1984"
cps1984_08b,"IPUMS-CPS, August 1984"
cps1984_09s,"IPUMS-CPS, September 1984"
cps1984_10s,"IPUMS-CPS, October 1984"
cps1984_11s,"IPUMS-CPS, November 1984"
cps1984_12s,"IPUMS-CPS, December 1984"
cps1985_01b,"IPUMS-CPS, January 1985"
cps1985_02b,"IPUMS-CPS, February 1985"
cps1985_03b,"IPUMS-CPS, March 1985"
cps1985_03s,"IPUMS-CPS, ASEC 1985"
cps1985_04s,"IPUMS-CPS, April 1985"
cps1985_05s,"IPUMS-CPS, May 1985"
cps1985_06s,"IPUMS-CPS, June 1985"
cps1985_07b,"IPUMS-CPS, July 1985"
cps1985_08b,"IPUMS-CPS, August 1985"
cps1985_09s,"IPUMS-CPS, September 1985"
cps1985_10s,"IPUMS-CPS, October 1985"
cps1985_11b,"IPUMS-CPS, November 1985"
cps1985_12s,"IPUMS-CPS, December 1985"
cps1986_01s,"IPUMS-CPS, January 1986"
cps1986_02b,"IPUMS-CPS, February 1986"
cps1986_03b,"IPUMS-CPS, March 1986"
cps1986_03s,"IPUMS-CPS, ASEC 1986"
cps1986_04b,"IPUMS-CPS, April 1986"
cps1986_05b,"IPUMS-CPS, May 1986"
cps1986_06s,"IPUMS-CPS, June 1986"
cps1986_07b,"IPUMS-CPS, July 1986"
cps1986_08b,"IPUMS-CPS, August 1986"
cps1986_09b,"IPUMS-CPS, September 1986"
cps1986_10s,"IPUMS-CPS, October 1986"
cps1986_11s,"IPUMS-CPS, November 1986"
cps1986_12b,"IPUMS-CPS, December 1986"
cps1987_01s,"IPUMS-CPS, January 1987"
cps1987_02b,"IPUMS-CPS, February 1987"
cps1987_03b,"IPUMS-CPS, March 1987"
cps1987_03s,"IPUMS-CPS, ASEC 1987"
cps1987_04b,"IPUMS-CPS, April 1987"
cps1987_05b,"IPUMS-CPS, May 1987"
cps1987_06s,"IPUMS-CPS, June 1987"
cps1987_07b,"IPUMS-CPS, July 1987"
cps1987_08b,"IPUMS-CPS, August 1987"
cps1987_09b,"IPUMS-CPS, September 1987"
cps1987_10s,"IPUMS-CPS, October 1987"
cps1987_11s,"IPUMS-CPS, November 1987"
cps1987_12s,"IPUMS-CPS, December 1987"
cps1988_01s,"IPUMS-CPS, January 1988"
cps1988_02b,"IPUMS-CPS, February 1988"
cps1988_03b,"IPUMS-CPS, March 1988"
cps1988_03s,"IPUMS-CPS, ASEC 1988"
cps1988_04b,"IPUMS-CPS, April 1988"
cps1988_05s,"IPUMS-CPS, May 1988"
cps1988_06s,"IPUMS-CPS, June 1988"
cps1988_07b,"IPUMS-CPS, July 1988"
cps1988_08s,"IPUMS-CPS, August 1988"
cps1988_09b,"IPUMS-CPS, September 1988"
cps1988_10s,"IPUMS-CPS, October 1988"
cps1988_11s,"IPUMS-CPS, November 1988"
cps1988_12b,"IPUMS-CPS, December 1988"
cps1989_01b,"IPUMS-CPS, January 1989"
cps1989_02b,"IPUMS-CPS, February 1989"
cps1989_03b,"IPUMS-CPS, March 1989"
cps1989_03s,"IPUMS-CPS, ASEC 1989"
cps1989_04b,"IPUMS-CPS, April 1989"
cps1989_05s,"IPUMS-CPS, May 1989"
cps1989_06b,"IPUMS-CPS, June 1989"
cps1989_07b,"IPUMS-CPS, July 1989"
cps1989_08s,"IPUMS-CPS, August 1989"
cps1989_09s,"IPUMS-CPS, September 1989"
cps1989_10s,"IPUMS-CPS, October 1989"
cps1989_11s,"IPUMS-CPS, November 1989"
cps1989_12s,"IPUMS-CPS, December 1989"
cps1990_01s,"IPUMS-CPS, January 1990"
cps1990_02s,"IPUMS-CPS, February 1990"
cps1990_03b,"IPUMS-CPS, March 1990"
cps1990_03s,"IPUMS-CPS, ASEC 1990"
cps1990_04b,"IPUMS-CPS, April 1990"
cps1990_05b,"IPUMS-CPS, May 1990"
cps1990_06s,"IPUMS-CPS, June 1990"
cps1990_07b,"IPUMS-CPS, July 1990"
cps1990_08b,"IPUMS-CPS, August 1990"
cps1990_09b,"IPUMS-CPS, September 1990"
cps1990_10s,"IPUMS-CPS, October 1990"
cps1990_11s,"IPUMS-CPS, November 1990"
cps1990_12b,"IPUMS-CPS, December 1990"
cps1991_01s,"IPUMS-CPS, January 1991"
cps1991_02b,"IPUMS-CPS, February 1991"
cps1991_03b,"IPUMS-CPS, March 1991"
cps1991_03s,"IPUMS-CPS, ASEC 1991"
cps1991_04b,"IPUMS-CPS, April 1991"
cps1991_05s,"IPUMS-CPS, May 1991"
cps1991_06s,"IPUMS-CPS, June 1991"
cps1991_07b,"IPUMS-CPS, July 1991"
cps1991_08b,"IPUMS-CPS, August 1991"
cps1991_09s,"IPUMS-CPS, September 1991"
cps1991_10s,"IPUMS-CPS, October 1991"
cps1991_11b,"IPUMS-CPS, November 1991"
cps1991_12b,"IPUMS-CPS, December 1991"
cps1992_01s,"IPUMS-CPS, January 1992"
cps1992_02b,"IPUMS-CPS, February 1992"
cps1992_03b,"IPUMS-CPS, March 1992"
cps1992_03s,"IPUMS-CPS, ASEC 1992"
cps1992_04b,"IPUMS-CPS, April 1992"
cps1992_05b,"IPUMS-CPS, May 1992"
cps1992_06s,"IPUMS-CPS, June 1992"
cps1992_07b,"IPUMS-CPS, July 1992"
cps1992_08b,"IPUMS-CPS, August 1992"
cps1992_09s,"IPUMS-CPS, September 1992"
cps1992_10s,"IPUMS-CPS, October 1992"
cps1992_11s,"IPUMS-CPS, November 1992"
cps1992_12b,"IPUMS-CPS, December 1992"
cps1993_01s,"IPUMS-CPS, January 1993"
cps1993_02b,"IPUMS-CPS, February 1993"
cps1993_03b,"IPUMS-CPS, March 1993"
cps1993_03s,"IPUMS-CPS, ASEC 1993"
cps1993_04s,"IPUMS-CPS, April 1993"
cps1993_05s,"IPUMS-CPS, May 1993"
cps1993_06b,"IPUMS-CPS, June 1993"
cps1993_07b,"IPUMS-CPS, July 1993"
cps1993_08b,"IPUMS-CPS, August 1993"
cps1993_09s,"IPUMS-CPS, September 1993"
cps1993_10s,"IPUMS-CPS, October 1993"
cps1993_11b,"IPUMS-CPS, November 1993"
cps1993_12b,"IPUMS-CPS, December 1993"
cps1994_01b,"IPUMS-CPS, January 1994"
cps1994_02s,"IPUMS-CPS, February 1994"
cps1994_03b,"IPUMS-CPS, March 1994"
cps1994_03s,"IPUMS-CPS, ASEC 1994"
cps1994_04b,"IPUMS-CPS, April 1994"
cps1994_05b,"IPUMS-CPS, May 1994"
cps1994_06s,"IPUMS-CPS, June 1994"
cps1994_07b,"IPUMS-CPS, July 1994"
cps1994_08b,"IPUMS-CPS, August 1994"
cps1994_09s,"IPUMS-CPS, September 1994"
cps1994_10s,"IPUMS-CPS, October 1994"
cps1994_11s,"IPUMS-CPS, November 1994"
cps1994_12s,"IPUMS-CPS, December 1994"
cps1995_01b,"IPUMS-CPS, January 1995"
cps1995_02s,"IPUMS-CPS, February 1995"
cps1995_03b,"IPUMS-CPS, March 1995"
cps1995_03s,"IPUMS-CPS, ASEC 1995"
cps1995_04s,"IPUMS-CPS, April 1995"
cps1995_05s,"IPUMS-CPS, May 1995"
cps1995_06s,"IPUMS-CPS, June 1995"
cps1995_07b,"IPUMS-CPS, July 1995"
cps1995_08s,"IPUMS-CPS, August 1995"
cps1995_09s,"IPUMS-CPS, September 1995"
cps1995_10s,"IPUMS-CPS, October 1995"
cps1995_11b,"IPUMS-CPS, November 1995"
cps1995_12b,"IPUMS-CPS, December 1995"
cps1996_01s,"IPUMS-CPS, January 1996"
cps1996_02s,"IPUMS-CPS, February 1996"
cps1996_03b,"IPUMS-CPS, March 1996"
cps1996_03s,"IPUMS-CPS, ASEC 1996"
cps1996_04b,"IPUMS-CPS, April 1996"
cps1996_05s,"IPUMS-CPS, May 1996"
cps1996_06b,"IPUMS-CPS, June 1996"
cps1996_07b,"IPUMS-CPS, July 1996"
cps1996_08b,"IPUMS-CPS, August 1996"
cps1996_09s,"IPUMS-CPS, September 1996"
cps1996_10s,"IPUMS-CPS, October 1996"
cps1996_11s,"IPUMS-CPS, November 1996"
cps1996_12b,"IPUMS-CPS, December 1996"
cps1997_01b,"IPUMS-CPS, January 1997"
cps1997_02s,"IPUMS-CPS, February 1997"
cps1997_03b,"IPUMS-CPS, March 1997"
cps1997_03s,"IPUMS-CPS, ASEC 1997"
cps1997_04s,"IPUMS-CPS, April 1997"
cps1997_05s,"IPUMS-CPS, May 1997"
cps1997_06b,"IPUMS-CPS, June 1997"
cps1997_07b,"IPUMS-CPS, July 1997"
cps1997_08b,"IPUMS-CPS, August 1997"
cps1997_09s,"IPUMS-CPS, September 1997"
cps1997_10s,"IPUMS-CPS, October 1997"
cps1997_11b,"IPUMS-CPS, November 1997"
cps1997_12b,"IPUMS-CPS, December 1997"
cps1998_01b,"IPUMS-CPS, January 1998"
cps1998_02s,"IPUMS-CPS, February 1998"
cps1998_03b,"IPUMS-CPS, March 1998"
cps1998_03s,"IPUMS-CPS, ASEC 1998"
cps1998_04b,"IPUMS-CPS, April 1998"
cps1998_05b,"IPUMS-CPS, May 1998"
cps1998_06s,"IPUMS-CPS, June 1998"
cps1998_07b,"IPUMS-CPS, July 1998"
cps1998_08s,"IPUMS-CPS, August 1998"
cps1998_09s,"IPUMS-CPS, September 1998"
cps1998_10s,"IPUMS-CPS, October 1998"
cps1998_11s,"IPUMS-CPS, November 1998"
cps1998_12s,"IPUMS-CPS, December 1998"
cps1999_01s,"IPUMS-CPS, January 1999"
cps1999_02s,"IPUMS-CPS, February 1999"
cps1999_03b,"IPUMS-CPS, March 1999"
cps1999_03s,"IPUMS-CPS, ASEC 1999"
cps1999_04s,"IPUMS-CPS, April 1999"
cps1999_05s,"IPUMS-CPS, May 1999"
cps1999_06b,"IPUMS-CPS, June 1999"
cps1999_07b,"IPUMS-CPS, July 1999"
cps1999_08b,"IPUMS-CPS, August 1999"
cps1999_09s,"IPUMS-CPS, September 1999"
cps1999_10s,"IPUMS-CPS, October 1999"
cps1999_11b,"IPUMS-CPS, November 1999"
cps1999_12b,"IPUMS-CPS, December 1999"
cps2000_01s,"IPUMS-CPS, January 2000"
cps2000_02s,"IPUMS-CPS, February 2000"
cps2000_03b,"IPUMS-CPS, March 2000"
cps2000_03s,"IPUMS-CPS, ASEC 2000"
cps2000_04b,"IPUMS-CPS, April 2000"
cps2000_05s,"IPUMS-CPS, May 2000"
cps2000_06s,"IPUMS-CPS, June 2000"
cps2000_07b,"IPUMS-CPS, July 2000"
cps2000_08s,"IPUMS-CPS, August 2000"
cps2000_09s,"IPUMS-CPS, September 2000"
cps2000_10s,"IPUMS-CPS, October 2000"
cps2000_11s,"IPUMS-CPS, November 2000"
cps2000_12b,"IPUMS-CPS, December 2000"
cps2001_01b,"IPUMS-CPS, January 2001"
cps2001_02s,"IPUMS-CPS, February 2001"
cps2001_03b,"IPUMS-CPS, March 2001"
cps2001_03s,"IPUMS-CPS, ASEC 2001"
cps2001_04s,"IPUMS-CPS, April 2001"
cps2001_05s,"IPUMS-CPS, May 2001"
cps2001_06s,"IPUMS-CPS, June 2001"
cps2001_07b,"IPUMS-CPS, July 2001"
cps2001_08s,"IPUMS-CPS, August 2001"
cps2001_09s,"IPUMS-CPS, September 2001"
cps2001_10s,"IPUMS-CPS, October 2001"
cps2001_11s,"IPUMS-CPS, November 2001"
cps2001_12s,"IPUMS-CPS, December 2001"
cps2002_01s,"IPUMS-CPS, January 2002"
cps2002_02s,"IPUMS-CPS, February 2002"
cps2002_03b,"IPUMS-CPS, March 2002"
cps2002_03s,"IPUMS-CPS, ASEC 2002"
cps2002_04b,"IPUMS-CPS, April 2002"
cps2002_05b,"IPUMS-CPS, May 2002"
cps2002_06s,"IPUMS-CPS, June 2002"
cps2002_07b,"IPUMS-CPS, July 2002"
cps2002_08s,"IPUMS-CPS, August 2002"
cps2002_09s,"IPUMS-CPS, September 2002"
cps2002_10s,"IPUMS-CPS, October 2002"
cps2002_11s,"IPUMS-CPS, November 2002"
cps2002_12s,"IPUMS-CPS, December 2002"
cps2003_01b,"IPUMS-CPS, January 2003"
cps2003_02s,"IPUMS-CPS, February 2003"
cps2003_03b,"IPUMS-CPS, March 2003"
cps2003_03s,"IPUMS-CPS, ASEC 2003"
cps2003_04b,"IPUMS-CPS, April 2003"
cps2003_05b,"IPUMS-CPS, May 2003"
cps2003_06s,"IPUMS-CPS, June 2003"
cps2003_07b,"IPUMS-CPS, July 2003"
cps2003_08s,"IPUMS-CPS, August 2003"
cps2003_09s,"IPUMS-CPS, September 2003"
cps2003_10s,"IPUMS-CPS, October 2003"
cps2003_11s,"IPUMS-CPS, November 2003"
cps2003_12s,"IPUMS-CPS, December 2003"
cps2004_01s,"IPUMS-CPS, January 2004"
cps2004_02b,"IPUMS-CPS, February 2004"
cps2004_03b,"IPUMS-CPS, March 2004"
cps2004_03s,"IPUMS-CPS, ASEC 2004"
cps2004_04b,"IPUMS-CPS, April 2004"
cps2004_05s,"IPUMS-CPS, May 2004"
cps2004_06s,"IPUMS-CPS, June 2004"
cps2004_07b,"IPUMS-CPS, July 2004"
cps2004_08b,"IPUMS-CPS, August 2004"
cps2004_09s,"IPUMS-CPS, September 2004"
cps2004_10s,"IPUMS-CPS, October 2004"
cps2004_11s,"IPUMS-CPS, November 2004"
cps2004_12s,"IPUMS-CPS, December 2004"
cps2005_01s,"IPUMS-CPS, January 2005"
cps2005_02s,"IPUMS-CPS, February 2005"
cps2005_03b,"IPUMS-CPS, March 2005"
cps2005_03s,"IPUMS-CPS, ASEC 2005"
cps2005_04b,"IPUMS-CPS, April 2005"
cps2005_05s,"IPUMS-CPS, May 2005"
cps2005_06b,"IPUMS-CPS, June 2005"
cps2005_07s,"IPUMS-CPS, July 2005"
cps2005_08s,"IPUMS-CPS, August 2005"
cps2005_09s,"IPUMS-CPS, September 2005"
cps2005_10s,"IPUMS-CPS, October 2005"
cps2005_11s,"IPUMS-CPS, November 2005"
cps2005_12s,"IPUMS-CPS, December 2005"
cps2006_01s,"IPUMS-CPS, January 2006"
cps2006_02b,"IPUMS-CPS, February 2006"
cps2006_03b,"IPUMS-CPS, March 2006"
cps2006_03s,"IPUMS-CPS, ASEC 2006"
cps2006_04b,"IPUMS-CPS, April 2006"
cps2006_05s,"IPUMS-CPS, May 2006"
cps2006_06s,"IPUMS-CPS, June 2006"
cps2006_07b,"IPUMS-CPS, July 2006"
cps2006_08s,"IPUMS-CPS, August 2006"
cps2006_09s,"IPUMS-CPS, September 2006"
cps2006_10s,"IPUMS-CPS, October 2006"
cps2006_11s,"IPUMS-CPS, November 2006"
cps2006_12s,"IPUMS-CPS, December 2006"
cps2007_01s,"IPUMS-CPS, January 2007"
cps2007_02b,"IPUMS-CPS, February 2007"
cps2007_03b,"IPUMS-CPS, March 2007"
cps2007_03s,"IPUMS-CPS, ASEC 2007"
cps2007_04b,"IPUMS-CPS, April 2007"
cps2007_05b,"IPUMS-CPS, May 2007"
cps2007_06b,"IPUMS-CPS, June 2007"
cps2007_07b,"IPUMS-CPS, July 2007"
cps2007_08s,"IPUMS-CPS, August 2007"
cps2007_09s,"IPUMS-CPS, September 2007"
cps2007_10s,"IPUMS-CPS, October 2007"
cps2007_11b,"IPUMS-CPS, November 2007"
cps2007_12s,"IPUMS-CPS, December 2007"
cps2008_01s,"IPUMS-CPS, January 2008"
cps2008_02b,"IPUMS-CPS, February 2008"
cps2008_03b,"IPUMS-CPS, March 2008"
cps2008_03s,"IPUMS-CPS, ASEC 2008"
cps2008_04b,"IPUMS-CPS, April 2008"
cps2008_05s,"IPUMS-CPS, May 2008"
cps2008_06s,"IPUMS-CPS, June 2008"
cps2008_07b,"IPUMS-CPS, July 2008"
cps2008_08s,"IPUMS-CPS, August 2008"
cps2008_09s,"IPUMS-CPS, September 2008"
cps2008_10s,"IPUMS-CPS, October 2008"
cps2008_11s,"IPUMS-CPS, November 2008"
cps2008_12s,"IPUMS-CPS, December 2008"
cps2009_01s,"IPUMS-CPS, January 2009"
cps2009_02b,"IPUMS-CPS, February 2009"
cps2009_03b,"IPUMS-CPS, March 2009"
cps2009_03s,"IPUMS-CPS, ASEC 2009"
cps2009_04b,"IPUMS-CPS, April 2009"
cps2009_05b,"IPUMS-CPS, May 2009"
cps2009_06b,"IPUMS-CPS, June 2009"
cps2009_07b,"IPUMS-CPS, July 2009"
cps2009_08s,"IPUMS-CPS, August 2009"
cps2009_09s,"IPUMS-CPS, September 2009"
cps2009_10s,"IPUMS-CPS, October 20097"
cps2009_11s,"IPUMS-CPS, November 2009"
cps2009_12s,"IPUMS-CPS, December 2009"
cps2010_01s,"IPUMS-CPS, January 2010"
cps2010_02b,"IPUMS-CPS, February 2010"
cps2010_03b,"IPUMS-CPS, March 2010"
cps2010_03s,"IPUMS-CPS, ASEC 2010"
cps2010_04b,"IPUMS-CPS, April 2010"
cps2010_05s,"IPUMS-CPS, May 2010"
cps2010_06s,"IPUMS-CPS, June 2010"
cps2010_07s,"IPUMS-CPS, July 2010"
cps2010_08s,"IPUMS-CPS, August 2010"
cps2010_09s,"IPUMS-CPS, September 2010"
cps2010_10s,"IPUMS-CPS, October 2010"
cps2010_11s,"IPUMS-CPS, November 2010"
cps2010_12s,"IPUMS-CPS, December 2010"
cps2011_01s,"IPUMS-CPS, January 2011"
cps2011_02b,"IPUMS-CPS, February 2011"
cps2011_03b,"IPUMS-CPS, March 2011"
cps2011_03s,"IPUMS-CPS, ASEC 2011"
cps2011_04b,"IPUMS-CPS, April 2011"
cps2011_05s,"IPUMS-CPS, May 2011"
cps2011_06s,"IPUMS-CPS, June 2011"
cps2011_07s,"IPUMS-CPS, July 2011"
cps2011_08s,"IPUMS-CPS, August 2011"
cps2011_09s,"IPUMS-CPS, September 2011"
cps2011_10s,"IPUMS-CPS, October 2011"
cps2011_11s,"IPUMS-CPS, November 2011"
cps2011_12s,"IPUMS-CPS, December 2011"
cps2012_01s,"IPUMS-CPS, January 2012"
cps2012_02b,"IPUMS-CPS, February 2012"
cps2012_03b,"IPUMS-CPS, March 2012"
cps2012_03s,"IPUMS-CPS, ASEC 2012"
cps2012_04b,"IPUMS-CPS, April 2012"
cps2012_05s,"IPUMS-CPS, May 2012"
cps2012_06s,"IPUMS-CPS, June 2012"
cps2012_07s,"IPUMS-CPS, July 2012"
cps2012_08s,"IPUMS-CPS, August 2012"
cps2012_09s,"IPUMS-CPS, September 2012"
cps2012_10s,"IPUMS-CPS, October 2012"
cps2012_11s,"IPUMS-CPS, November 2012"
cps2012_12s,"IPUMS-CPS, December 2012"
cps2013_01b,"IPUMS-CPS, January 2013"
cps2013_02s,"IPUMS-CPS, February 2013"
cps2013_03b,"IPUMS-CPS, March 2013"
cps2013_03s,"IPUMS-CPS, ASEC 2013"
cps2013_04b,"IPUMS-CPS, April 2013"
cps2013_05b,"IPUMS-CPS, May 2013"
cps2013_06s,"IPUMS-CPS, June 2013"
cps2013_07s,"IPUMS-CPS, July 2013"
cps2013_08s,"IPUMS-CPS, August 2013"
cps2013_09s,"IPUMS-CPS, September 2013"
cps2013_10s,"IPUMS-CPS, October 2013"
cps2013_11s,"IPUMS-CPS, November 2013"
cps2013_12s,"IPUMS-CPS, December 2013"
cps2014_01s,"IPUMS-CPS, January 2014"
cps2014_02s,"IPUMS-CPS, February 2014"
cps2014_03b,"IPUMS-CPS, March 2014"
cps2014_03s,"IPUMS-CPS, ASEC 2014"
cps2014_04b,"IPUMS-CPS, April 2014"
cps2014_05b,"IPUMS-CPS, May 2014"
cps2014_06s,"IPUMS-CPS, June 2014"
cps2014_07s,"IPUMS-CPS, July 2014"
cps2014_08s,"IPUMS-CPS, August 2014"
cps2014_09s,"IPUMS-CPS, September 2014"
cps2014_10s,"IPUMS-CPS, October 2014"
cps2014_11s,"IPUMS-CPS, November 2014"
cps2014_12s,"IPUMS-CPS, December 2014"
cps2015_01s,"IPUMS-CPS, January 2015"
cps2015_02s,"IPUMS-CPS, February 2015"
cps2015_03b,"IPUMS-CPS, March 2015"
cps2015_03s,"IPUMS-CPS, ASEC 2015"
cps2015_04b,"IPUMS-CPS, April 2015"
cps2015_05s,"IPUMS-CPS, May 2015"
cps2015_06s,"IPUMS-CPS, June 2015"
cps2015_07s,"IPUMS-CPS, July 2015"
cps2015_08s,"IPUMS-CPS, August 2015"
cps2015_09s,"IPUMS-CPS, September 2015"
cps2015_10s,"IPUMS-CPS, October 2015"
cps2015_11b,"IPUMS-CPS, November 2015"
cps2015_12s,"IPUMS-CPS, December 2015"
cps2016_01s,"IPUMS-CPS, January 2016"
cps2016_02s,"IPUMS-CPS, February 2016"
cps2016_03b,"IPUMS-CPS, March 2016"
cps2016_03s,"IPUMS-CPS, ASEC 2016"
cps2016_04b,"IPUMS-CPS, April 2016"
cps2016_05b,"IPUMS-CPS, May 2016"
cps2016_06s,"IPUMS-CPS, June 2016"
cps2016_07b,"IPUMS-CPS, July 2016"
cps2016_08s,"IPUMS-CPS, August 2016"
cps2016_09s,"IPUMS-CPS, September 2016"
cps2016_10s,"IPUMS-CPS, October 2016"
cps2016_11s,"IPUMS-CPS, November 2016"
cps2016_12s,"IPUMS-CPS, December 2016"
cps2017_01b,"IPUMS-CPS, January 2017"
cps2017_02s,"IPUMS-CPS, February 2017"
cps2017_03b,"IPUMS-CPS, March 2017"
cps2017_03s,"IPUMS-CPS, ASEC 2017"
cps2017_04b,"IPUMS-CPS, April 2017"
cps2017_05s,"IPUMS-CPS, May 2017"
cps2017_06s,"IPUMS-CPS, June 2017"
cps2017_07s,"IPUMS-CPS, July 2017"
cps2017_08s,"IPUMS-CPS, August 2017"
cps2017_09s,"IPUMS-CPS, September 2017"
cps2017_10s,"IPUMS-CPS, October 2017"
cps2017_11s,"IPUMS-CPS, November 2017"
cps2017_12s,"IPUMS-CPS, December 2017"
cps2018_01s,"IPUMS-CPS, January 2018"
cps2018_02s,"IPUMS-CPS, February 2018"
cps2018_03b,"IPUMS-CPS, March 2018"
cps2018_03s,"IPUMS-CPS, ASEC 2018"
cps2018_04b,"IPUMS-CPS, April 2018"
cps2018_05s,"IPUMS-CPS, May 2018"
cps2018_06s,"IPUMS-CPS, June 2018"
cps2018_07s,"IPUMS-CPS, July 2018"
cps2018_08s,"IPUMS-CPS, August 2018"
cps2018_09s,"IPUMS-CPS, September 2018"
cps2018_10s,"IPUMS-CPS, October 2018"
cps2018_11s,"IPUMS-CPS, November 2018"
cps2018_12s,"IPUMS-CPS, December 2018"
cps2019_01s,"IPUMS-CPS, January 2019"
cps2019_02s,"IPUMS-CPS, February 2019"
cps2019_03b,"IPUMS-CPS, March 2019"
cps2019_03s,"IPUMS-CPS, ASEC 2019"
cps2019_04b,"IPUMS-CPS, April 2019"
cps2019_05s,"IPUMS-CPS, May 2019"
cps2019_06s,"IPUMS-CPS, June 2019"
cps2019_07s,"IPUMS-CPS, July 2019"
cps2019_08s,"IPUMS-CPS, August 2019"
cps2019_09s,"IPUMS-CPS, September 2019"
cps2019_10s,"IPUMS-CPS, October 2019"
cps2019_11s,"IPUMS-CPS, November 2019"
cps2019_12s,"IPUMS-CPS, December 2019"
cps2020_01s,"IPUMS-CPS, January 2020"
cps2020_02s,"IPUMS-CPS, February 2020"
cps2020_03b,"IPUMS-CPS, March 2020"
cps2020_03s,"IPUMS-CPS, ASEC 2020"
cps2020_04b,"IPUMS-CPS, April 2020"
cps2020_05b,"IPUMS-CPS, May 2020"
cps2020_06s,"IPUMS-CPS, June 2020"
cps2020_07b,"IPUMS-CPS, July 2020"
cps2020_08s,"IPUMS-CPS, August 2020"
cps2020_09b,"IPUMS-CPS, September 2020"
cps2020_10s,"IPUMS-CPS, October 2020"
cps2020_11s,"IPUMS-CPS, November 2020"
cps2020_12s,"IPUMS-CPS, December 2020"
cps2021_01b,"IPUMS-CPS, January 2021"
cps2021_02s,"IPUMS-CPS, February 2021"
cps2021_03b,"IPUMS-CPS, March 2021"
cps2021_03s,"IPUMS-CPS, March 2021"
cps2021_04b,"IPUMS-CPS, April 2021"
cps2021_05b,"IPUMS-CPS, May 2021"
cps2021_06s,"IPUMS-CPS, June 2021"
cps2021_07s,"IPUMS-CPS, July 2021"
cps2021_08s,"IPUMS-CPS, August 2021"
cps2021_09s,"IPUMS-CPS, September 2021"
cps2021_10s,"IPUMS-CPS, October 2021"
cps2021_11s,"IPUMS-CPS, November 2021"
cps2021_12s,"IPUMS-CPS, December 2021"
cps2022_01s,"IPUMS-CPS, January 2022"
cps2022_02b,"IPUMS-CPS, February 2022"
cps2022_03b,"IPUMS-CPS, March 2022"
cps2022_04s,"IPUMS-CPS, April 2022"
cps2022_05b,"IPUMS-CPS, May 2022"
cps2022_06s,"IPUMS-CPS, June 2022"
cps2022_07s,"IPUMS-CPS, July 2022"
cps2022_08s,"IPUMS-CPS, August 2022"
cps2022_09s,"IPUMS-CPS, September 2022"
cps2022_10s,"IPUMS-CPS, October 2022"
cps2022_11s,"IPUMS-CPS, November 2022"
cps2022_12s,"IPUMS-CPS, December 2022"
cps2023_01s,"IPUMS-CPS, January 2023"